template,activation,target,constraint,n_cases,n_activated,n_fulfilled,n_violated,n_vacuous,activation_rate,non_vacuous_compliance,compliance,violation_rate,violation_coverage,vacuity_rate
Response,O_Accepted,O_Cancelled,"Response[O_Accepted,O_Cancelled]",42995,17228,0,17228,25767,0.40069775555297127,0.0,0.5993022444470287,1.0,0.40069775555297127,0.5993022444470287
Response,O_Accepted,O_Create Offer,"Response[O_Accepted,O_Create Offer]",42995,17228,0,17228,25767,0.40069775555297127,0.0,0.5993022444470287,1.0,0.40069775555297127,0.5993022444470287
Response,O_Accepted,O_Created,"Response[O_Accepted,O_Created]",42995,17228,0,17228,25767,0.40069775555297127,0.0,0.5993022444470287,1.0,0.40069775555297127,0.5993022444470287
Response,O_Accepted,O_Refused,"Response[O_Accepted,O_Refused]",42995,17228,0,17228,25767,0.40069775555297127,0.0,0.5993022444470287,1.0,0.40069775555297127,0.5993022444470287
Response,O_Accepted,O_Returned,"Response[O_Accepted,O_Returned]",42995,17228,0,17228,25767,0.40069775555297127,0.0,0.5993022444470287,1.0,0.40069775555297127,0.5993022444470287
Response,O_Accepted,O_Sent (mail and online),"Response[O_Accepted,O_Sent (mail and online)]",42995,17228,0,17228,25767,0.40069775555297127,0.0,0.5993022444470287,1.0,0.40069775555297127,0.5993022444470287
Response,O_Accepted,O_Sent (online only),"Response[O_Accepted,O_Sent (online only)]",42995,17228,0,17228,25767,0.40069775555297127,0.0,0.5993022444470287,1.0,0.40069775555297127,0.5993022444470287
Response,O_Cancelled,O_Accepted,"Response[O_Cancelled,O_Accepted]",42995,20898,0,20898,22097,0.4860565181997907,0.0,0.5139434818002093,1.0,0.4860565181997907,0.5139434818002093
Response,O_Cancelled,O_Create Offer,"Response[O_Cancelled,O_Create Offer]",42995,20898,0,20898,22097,0.4860565181997907,0.0,0.5139434818002093,1.0,0.4860565181997907,0.5139434818002093
Response,O_Cancelled,O_Created,"Response[O_Cancelled,O_Created]",42995,20898,0,20898,22097,0.4860565181997907,0.0,0.5139434818002093,1.0,0.4860565181997907,0.5139434818002093
Response,O_Cancelled,O_Refused,"Response[O_Cancelled,O_Refused]",42995,20898,0,20898,22097,0.4860565181997907,0.0,0.5139434818002093,1.0,0.4860565181997907,0.5139434818002093
Response,O_Cancelled,O_Returned,"Response[O_Cancelled,O_Returned]",42995,20898,0,20898,22097,0.4860565181997907,0.0,0.5139434818002093,1.0,0.4860565181997907,0.5139434818002093
Response,O_Cancelled,O_Sent (mail and online),"Response[O_Cancelled,O_Sent (mail and online)]",42995,20898,0,20898,22097,0.4860565181997907,0.0,0.5139434818002093,1.0,0.4860565181997907,0.5139434818002093
Response,O_Cancelled,O_Sent (online only),"Response[O_Cancelled,O_Sent (online only)]",42995,20898,0,20898,22097,0.4860565181997907,0.0,0.5139434818002093,1.0,0.4860565181997907,0.5139434818002093
Response,O_Create Offer,O_Accepted,"Response[O_Create Offer,O_Accepted]",42995,42995,17228,25767,0,1.0,0.40069775555297127,0.40069775555297127,0.5993022444470287,0.5993022444470287,0.0
Response,O_Create Offer,O_Cancelled,"Response[O_Create Offer,O_Cancelled]",42995,42995,20898,22097,0,1.0,0.4860565181997907,0.4860565181997907,0.5139434818002093,0.5139434818002093,0.0
Response,O_Create Offer,O_Created,"Response[O_Create Offer,O_Created]",42995,42995,42995,0,0,1.0,1.0,1.0,0.0,0.0,0.0
Response,O_Create Offer,O_Refused,"Response[O_Create Offer,O_Refused]",42995,42995,4695,38300,0,1.0,0.10919874404000465,0.10919874404000465,0.8908012559599954,0.8908012559599954,0.0
Response,O_Create Offer,O_Returned,"Response[O_Create Offer,O_Returned]",42995,42995,23305,19690,0,1.0,0.5420397720665193,0.5420397720665193,0.4579602279334806,0.4579602279334806,0.0
Response,O_Create Offer,O_Sent (mail and online),"Response[O_Create Offer,O_Sent (mail and online)]",42995,42995,39707,3288,0,1.0,0.9235259913943482,0.9235259913943482,0.07647400860565182,0.07647400860565182,0.0
Response,O_Create Offer,O_Sent (online only),"Response[O_Create Offer,O_Sent (online only)]",42995,42995,2026,40969,0,1.0,0.047121758343993486,0.047121758343993486,0.9528782416560065,0.9528782416560065,0.0
Response,O_Created,O_Accepted,"Response[O_Created,O_Accepted]",42995,42995,17228,25767,0,1.0,0.40069775555297127,0.40069775555297127,0.5993022444470287,0.5993022444470287,0.0
Response,O_Created,O_Cancelled,"Response[O_Created,O_Cancelled]",42995,42995,20898,22097,0,1.0,0.4860565181997907,0.4860565181997907,0.5139434818002093,0.5139434818002093,0.0
Response,O_Created,O_Create Offer,"Response[O_Created,O_Create Offer]",42995,42995,0,42995,0,1.0,0.0,0.0,1.0,1.0,0.0
Response,O_Created,O_Refused,"Response[O_Created,O_Refused]",42995,42995,4695,38300,0,1.0,0.10919874404000465,0.10919874404000465,0.8908012559599954,0.8908012559599954,0.0
Response,O_Created,O_Returned,"Response[O_Created,O_Returned]",42995,42995,23305,19690,0,1.0,0.5420397720665193,0.5420397720665193,0.4579602279334806,0.4579602279334806,0.0
Response,O_Created,O_Sent (mail and online),"Response[O_Created,O_Sent (mail and online)]",42995,42995,39707,3288,0,1.0,0.9235259913943482,0.9235259913943482,0.07647400860565182,0.07647400860565182,0.0
Response,O_Created,O_Sent (online only),"Response[O_Created,O_Sent (online only)]",42995,42995,2026,40969,0,1.0,0.047121758343993486,0.047121758343993486,0.9528782416560065,0.9528782416560065,0.0
Response,O_Refused,O_Accepted,"Response[O_Refused,O_Accepted]",42995,4695,0,4695,38300,0.10919874404000465,0.0,0.8908012559599954,1.0,0.10919874404000465,0.8908012559599954
Response,O_Refused,O_Cancelled,"Response[O_Refused,O_Cancelled]",42995,4695,0,4695,38300,0.10919874404000465,0.0,0.8908012559599954,1.0,0.10919874404000465,0.8908012559599954
Response,O_Refused,O_Create Offer,"Response[O_Refused,O_Create Offer]",42995,4695,0,4695,38300,0.10919874404000465,0.0,0.8908012559599954,1.0,0.10919874404000465,0.8908012559599954
Response,O_Refused,O_Created,"Response[O_Refused,O_Created]",42995,4695,0,4695,38300,0.10919874404000465,0.0,0.8908012559599954,1.0,0.10919874404000465,0.8908012559599954
Response,O_Refused,O_Returned,"Response[O_Refused,O_Returned]",42995,4695,0,4695,38300,0.10919874404000465,0.0,0.8908012559599954,1.0,0.10919874404000465,0.8908012559599954
Response,O_Refused,O_Sent (mail and online),"Response[O_Refused,O_Sent (mail and online)]",42995,4695,0,4695,38300,0.10919874404000465,0.0,0.8908012559599954,1.0,0.10919874404000465,0.8908012559599954
Response,O_Refused,O_Sent (online only),"Response[O_Refused,O_Sent (online only)]",42995,4695,0,4695,38300,0.10919874404000465,0.0,0.8908012559599954,1.0,0.10919874404000465,0.8908012559599954
Response,O_Returned,O_Accepted,"Response[O_Returned,O_Accepted]",42995,23305,17228,6077,19690,0.5420397720665193,0.739240506329114,0.858657983486452,0.2607594936708861,0.14134201651354808,0.4579602279334806
Response,O_Returned,O_Cancelled,"Response[O_Returned,O_Cancelled]",42995,23305,2455,20850,19690,0.5420397720665193,0.10534220124436816,0.5150598906849634,0.8946577987556318,0.4849401093150366,0.4579602279334806
Response,O_Returned,O_Create Offer,"Response[O_Returned,O_Create Offer]",42995,23305,0,23305,19690,0.5420397720665193,0.0,0.4579602279334806,1.0,0.5420397720665193,0.4579602279334806
Response,O_Returned,O_Created,"Response[O_Returned,O_Created]",42995,23305,0,23305,19690,0.5420397720665193,0.0,0.4579602279334806,1.0,0.5420397720665193,0.4579602279334806
Response,O_Returned,O_Refused,"Response[O_Returned,O_Refused]",42995,23305,3573,19732,19690,0.5420397720665193,0.15331473932632483,0.5410629142923595,0.8466852606736752,0.4589370857076404,0.4579602279334806
Response,O_Returned,O_Sent (mail and online),"Response[O_Returned,O_Sent (mail and online)]",42995,23305,0,23305,19690,0.5420397720665193,0.0,0.4579602279334806,1.0,0.5420397720665193,0.4579602279334806
Response,O_Returned,O_Sent (online only),"Response[O_Returned,O_Sent (online only)]",42995,23305,0,23305,19690,0.5420397720665193,0.0,0.4579602279334806,1.0,0.5420397720665193,0.4579602279334806
Response,O_Sent (mail and online),O_Accepted,"Response[O_Sent (mail and online),O_Accepted]",42995,39707,16299,23408,3288,0.9235259913943482,0.41048177903140504,0.4555646005349459,0.589518220968595,0.544435399465054,0.07647400860565182
Response,O_Sent (mail and online),O_Cancelled,"Response[O_Sent (mail and online),O_Cancelled]",42995,39707,18758,20949,3288,0.9235259913943482,0.47241040622560254,0.5127572973601582,0.5275895937743975,0.4872427026398418,0.07647400860565182
Response,O_Sent (mail and online),O_Create Offer,"Response[O_Sent (mail and online),O_Create Offer]",42995,39707,0,39707,3288,0.9235259913943482,0.0,0.07647400860565182,1.0,0.9235259913943482,0.07647400860565182
Response,O_Sent (mail and online),O_Created,"Response[O_Sent (mail and online),O_Created]",42995,39707,0,39707,3288,0.9235259913943482,0.0,0.07647400860565182,1.0,0.9235259913943482,0.07647400860565182
Response,O_Sent (mail and online),O_Refused,"Response[O_Sent (mail and online),O_Refused]",42995,39707,4494,35213,3288,0.9235259913943482,0.11317903644193719,0.18099779044074893,0.8868209635580628,0.8190022095592511,0.07647400860565182
Response,O_Sent (mail and online),O_Returned,"Response[O_Sent (mail and online),O_Returned]",42995,39707,22272,17435,3288,0.9235259913943482,0.5609086559045005,0.594487731131527,0.43909134409549955,0.4055122688684731,0.07647400860565182
Response,O_Sent (mail and online),O_Sent (online only),"Response[O_Sent (mail and online),O_Sent (online only)]",42995,39707,0,39707,3288,0.9235259913943482,0.0,0.07647400860565182,1.0,0.9235259913943482,0.07647400860565182
Response,O_Sent (online only),O_Accepted,"Response[O_Sent (online only),O_Accepted]",42995,2026,929,1097,40969,0.047121758343993486,0.4585389930898322,0.9744854052796836,0.5414610069101679,0.025514594720316315,0.9528782416560065
Response,O_Sent (online only),O_Cancelled,"Response[O_Sent (online only),O_Cancelled]",42995,2026,937,1089,40969,0.047121758343993486,0.4624876604146101,0.9746714734271427,0.5375123395853899,0.02532852657285731,0.9528782416560065
Response,O_Sent (online only),O_Create Offer,"Response[O_Sent (online only),O_Create Offer]",42995,2026,0,2026,40969,0.047121758343993486,0.0,0.9528782416560065,1.0,0.047121758343993486,0.9528782416560065
Response,O_Sent (online only),O_Created,"Response[O_Sent (online only),O_Created]",42995,2026,0,2026,40969,0.047121758343993486,0.0,0.9528782416560065,1.0,0.047121758343993486,0.9528782416560065
Response,O_Sent (online only),O_Refused,"Response[O_Sent (online only),O_Refused]",42995,2026,142,1884,40969,0.047121758343993486,0.0700888450148075,0.9561809512734039,0.9299111549851925,0.043819048726596116,0.9528782416560065
Response,O_Sent (online only),O_Returned,"Response[O_Sent (online only),O_Returned]",42995,2026,1033,993,40969,0.047121758343993486,0.5098716683119447,0.9769042911966508,0.4901283316880553,0.023095708803349227,0.9528782416560065
Response,O_Sent (online only),O_Sent (mail and online),"Response[O_Sent (online only),O_Sent (mail and online)]",42995,2026,0,2026,40969,0.047121758343993486,0.0,0.9528782416560065,1.0,0.047121758343993486,0.9528782416560065
Precedence,O_Accepted,O_Cancelled,"Precedence[O_Accepted,O_Cancelled]",42995,20898,0,20898,22097,0.4860565181997907,0.0,0.5139434818002093,1.0,0.4860565181997907,0.5139434818002093
Precedence,O_Accepted,O_Create Offer,"Precedence[O_Accepted,O_Create Offer]",42995,42995,0,42995,0,1.0,0.0,0.0,1.0,1.0,0.0
Precedence,O_Accepted,O_Created,"Precedence[O_Accepted,O_Created]",42995,42995,0,42995,0,1.0,0.0,0.0,1.0,1.0,0.0
Precedence,O_Accepted,O_Refused,"Precedence[O_Accepted,O_Refused]",42995,4695,0,4695,38300,0.10919874404000465,0.0,0.8908012559599954,1.0,0.10919874404000465,0.8908012559599954
Precedence,O_Accepted,O_Returned,"Precedence[O_Accepted,O_Returned]",42995,23305,0,23305,19690,0.5420397720665193,0.0,0.4579602279334806,1.0,0.5420397720665193,0.4579602279334806
Precedence,O_Accepted,O_Sent (mail and online),"Precedence[O_Accepted,O_Sent (mail and online)]",42995,39707,0,39707,3288,0.9235259913943482,0.0,0.07647400860565182,1.0,0.9235259913943482,0.07647400860565182
Precedence,O_Accepted,O_Sent (online only),"Precedence[O_Accepted,O_Sent (online only)]",42995,2026,0,2026,40969,0.047121758343993486,0.0,0.9528782416560065,1.0,0.047121758343993486,0.9528782416560065
Precedence,O_Cancelled,O_Accepted,"Precedence[O_Cancelled,O_Accepted]",42995,17228,0,17228,25767,0.40069775555297127,0.0,0.5993022444470287,1.0,0.40069775555297127,0.5993022444470287
Precedence,O_Cancelled,O_Create Offer,"Precedence[O_Cancelled,O_Create Offer]",42995,42995,0,42995,0,1.0,0.0,0.0,1.0,1.0,0.0
Precedence,O_Cancelled,O_Created,"Precedence[O_Cancelled,O_Created]",42995,42995,0,42995,0,1.0,0.0,0.0,1.0,1.0,0.0
Precedence,O_Cancelled,O_Refused,"Precedence[O_Cancelled,O_Refused]",42995,4695,0,4695,38300,0.10919874404000465,0.0,0.8908012559599954,1.0,0.10919874404000465,0.8908012559599954
Precedence,O_Cancelled,O_Returned,"Precedence[O_Cancelled,O_Returned]",42995,23305,0,23305,19690,0.5420397720665193,0.0,0.4579602279334806,1.0,0.5420397720665193,0.4579602279334806
Precedence,O_Cancelled,O_Sent (mail and online),"Precedence[O_Cancelled,O_Sent (mail and online)]",42995,39707,0,39707,3288,0.9235259913943482,0.0,0.07647400860565182,1.0,0.9235259913943482,0.07647400860565182
Precedence,O_Cancelled,O_Sent (online only),"Precedence[O_Cancelled,O_Sent (online only)]",42995,2026,0,2026,40969,0.047121758343993486,0.0,0.9528782416560065,1.0,0.047121758343993486,0.9528782416560065
Precedence,O_Create Offer,O_Accepted,"Precedence[O_Create Offer,O_Accepted]",42995,17228,17228,0,25767,0.40069775555297127,1.0,1.0,0.0,0.0,0.5993022444470287
Precedence,O_Create Offer,O_Cancelled,"Precedence[O_Create Offer,O_Cancelled]",42995,20898,20898,0,22097,0.4860565181997907,1.0,1.0,0.0,0.0,0.5139434818002093
Precedence,O_Create Offer,O_Created,"Precedence[O_Create Offer,O_Created]",42995,42995,42995,0,0,1.0,1.0,1.0,0.0,0.0,0.0
Precedence,O_Create Offer,O_Refused,"Precedence[O_Create Offer,O_Refused]",42995,4695,4695,0,38300,0.10919874404000465,1.0,1.0,0.0,0.0,0.8908012559599954
Precedence,O_Create Offer,O_Returned,"Precedence[O_Create Offer,O_Returned]",42995,23305,23305,0,19690,0.5420397720665193,1.0,1.0,0.0,0.0,0.4579602279334806
Precedence,O_Create Offer,O_Sent (mail and online),"Precedence[O_Create Offer,O_Sent (mail and online)]",42995,39707,39707,0,3288,0.9235259913943482,1.0,1.0,0.0,0.0,0.07647400860565182
Precedence,O_Create Offer,O_Sent (online only),"Precedence[O_Create Offer,O_Sent (online only)]",42995,2026,2026,0,40969,0.047121758343993486,1.0,1.0,0.0,0.0,0.9528782416560065
Precedence,O_Created,O_Accepted,"Precedence[O_Created,O_Accepted]",42995,17228,17228,0,25767,0.40069775555297127,1.0,1.0,0.0,0.0,0.5993022444470287
Precedence,O_Created,O_Cancelled,"Precedence[O_Created,O_Cancelled]",42995,20898,20898,0,22097,0.4860565181997907,1.0,1.0,0.0,0.0,0.5139434818002093
Precedence,O_Created,O_Create Offer,"Precedence[O_Created,O_Create Offer]",42995,42995,0,42995,0,1.0,0.0,0.0,1.0,1.0,0.0
Precedence,O_Created,O_Refused,"Precedence[O_Created,O_Refused]",42995,4695,4695,0,38300,0.10919874404000465,1.0,1.0,0.0,0.0,0.8908012559599954
Precedence,O_Created,O_Returned,"Precedence[O_Created,O_Returned]",42995,23305,23305,0,19690,0.5420397720665193,1.0,1.0,0.0,0.0,0.4579602279334806
Precedence,O_Created,O_Sent (mail and online),"Precedence[O_Created,O_Sent (mail and online)]",42995,39707,39707,0,3288,0.9235259913943482,1.0,1.0,0.0,0.0,0.07647400860565182
Precedence,O_Created,O_Sent (online only),"Precedence[O_Created,O_Sent (online only)]",42995,2026,2026,0,40969,0.047121758343993486,1.0,1.0,0.0,0.0,0.9528782416560065
Precedence,O_Refused,O_Accepted,"Precedence[O_Refused,O_Accepted]",42995,17228,0,17228,25767,0.40069775555297127,0.0,0.5993022444470287,1.0,0.40069775555297127,0.5993022444470287
Precedence,O_Refused,O_Cancelled,"Precedence[O_Refused,O_Cancelled]",42995,20898,0,20898,22097,0.4860565181997907,0.0,0.5139434818002093,1.0,0.4860565181997907,0.5139434818002093
Precedence,O_Refused,O_Create Offer,"Precedence[O_Refused,O_Create Offer]",42995,42995,0,42995,0,1.0,0.0,0.0,1.0,1.0,0.0
Precedence,O_Refused,O_Created,"Precedence[O_Refused,O_Created]",42995,42995,0,42995,0,1.0,0.0,0.0,1.0,1.0,0.0
Precedence,O_Refused,O_Returned,"Precedence[O_Refused,O_Returned]",42995,23305,0,23305,19690,0.5420397720665193,0.0,0.4579602279334806,1.0,0.5420397720665193,0.4579602279334806
Precedence,O_Refused,O_Sent (mail and online),"Precedence[O_Refused,O_Sent (mail and online)]",42995,39707,0,39707,3288,0.9235259913943482,0.0,0.07647400860565182,1.0,0.9235259913943482,0.07647400860565182
Precedence,O_Refused,O_Sent (online only),"Precedence[O_Refused,O_Sent (online only)]",42995,2026,0,2026,40969,0.047121758343993486,0.0,0.9528782416560065,1.0,0.047121758343993486,0.9528782416560065
Precedence,O_Returned,O_Accepted,"Precedence[O_Returned,O_Accepted]",42995,17228,17228,0,25767,0.40069775555297127,1.0,1.0,0.0,0.0,0.5993022444470287
Precedence,O_Returned,O_Cancelled,"Precedence[O_Returned,O_Cancelled]",42995,20898,2455,18443,22097,0.4860565181997907,0.11747535649344434,0.571043144551692,0.8825246435065557,0.4289568554483079,0.5139434818002093
Precedence,O_Returned,O_Create Offer,"Precedence[O_Returned,O_Create Offer]",42995,42995,0,42995,0,1.0,0.0,0.0,1.0,1.0,0.0
Precedence,O_Returned,O_Created,"Precedence[O_Returned,O_Created]",42995,42995,0,42995,0,1.0,0.0,0.0,1.0,1.0,0.0
Precedence,O_Returned,O_Refused,"Precedence[O_Returned,O_Refused]",42995,4695,3573,1122,38300,0.10919874404000465,0.7610223642172524,0.9739039423188743,0.2389776357827476,0.026096057681125714,0.8908012559599954
Precedence,O_Returned,O_Sent (mail and online),"Precedence[O_Returned,O_Sent (mail and online)]",42995,39707,0,39707,3288,0.9235259913943482,0.0,0.07647400860565182,1.0,0.9235259913943482,0.07647400860565182
Precedence,O_Returned,O_Sent (online only),"Precedence[O_Returned,O_Sent (online only)]",42995,2026,0,2026,40969,0.047121758343993486,0.0,0.9528782416560065,1.0,0.047121758343993486,0.9528782416560065
Precedence,O_Sent (mail and online),O_Accepted,"Precedence[O_Sent (mail and online),O_Accepted]",42995,17228,16299,929,25767,0.40069775555297127,0.9460761550963548,0.9783928363763228,0.05392384490364523,0.02160716362367717,0.5993022444470287
Precedence,O_Sent (mail and online),O_Cancelled,"Precedence[O_Sent (mail and online),O_Cancelled]",42995,20898,18758,2140,22097,0.4860565181997907,0.897597856254187,0.9502267705547157,0.102402143745813,0.04977322944528433,0.5139434818002093
Precedence,O_Sent (mail and online),O_Create Offer,"Precedence[O_Sent (mail and online),O_Create Offer]",42995,42995,0,42995,0,1.0,0.0,0.0,1.0,1.0,0.0
Precedence,O_Sent (mail and online),O_Created,"Precedence[O_Sent (mail and online),O_Created]",42995,42995,0,42995,0,1.0,0.0,0.0,1.0,1.0,0.0
Precedence,O_Sent (mail and online),O_Refused,"Precedence[O_Sent (mail and online),O_Refused]",42995,4695,4494,201,38300,0.10919874404000465,0.9571884984025559,0.9953250377950924,0.04281150159744409,0.004674962204907547,0.8908012559599954
Precedence,O_Sent (mail and online),O_Returned,"Precedence[O_Sent (mail and online),O_Returned]",42995,23305,22272,1033,19690,0.5420397720665193,0.9556747479081742,0.9759739504593558,0.044325252091825786,0.02402604954064426,0.4579602279334806
Precedence,O_Sent (mail and online),O_Sent (online only),"Precedence[O_Sent (mail and online),O_Sent (online only)]",42995,2026,0,2026,40969,0.047121758343993486,0.0,0.9528782416560065,1.0,0.047121758343993486,0.9528782416560065
Precedence,O_Sent (online only),O_Accepted,"Precedence[O_Sent (online only),O_Accepted]",42995,17228,929,16299,25767,0.40069775555297127,0.05392384490364523,0.6209094080707059,0.9460761550963548,0.3790905919292941,0.5993022444470287
Precedence,O_Sent (online only),O_Cancelled,"Precedence[O_Sent (online only),O_Cancelled]",42995,20898,937,19961,22097,0.4860565181997907,0.04483682649057326,0.5357367135713456,0.9551631735094267,0.4642632864286545,0.5139434818002093
Precedence,O_Sent (online only),O_Create Offer,"Precedence[O_Sent (online only),O_Create Offer]",42995,42995,0,42995,0,1.0,0.0,0.0,1.0,1.0,0.0
Precedence,O_Sent (online only),O_Created,"Precedence[O_Sent (online only),O_Created]",42995,42995,0,42995,0,1.0,0.0,0.0,1.0,1.0,0.0
Precedence,O_Sent (online only),O_Refused,"Precedence[O_Sent (online only),O_Refused]",42995,4695,142,4553,38300,0.10919874404000465,0.030244941427050052,0.8941039655773927,0.96975505857295,0.10589603442260728,0.8908012559599954
Precedence,O_Sent (online only),O_Returned,"Precedence[O_Sent (online only),O_Returned]",42995,23305,1033,22272,19690,0.5420397720665193,0.044325252091825786,0.4819862774741249,0.9556747479081742,0.5180137225258751,0.4579602279334806
Precedence,O_Sent (online only),O_Sent (mail and online),"Precedence[O_Sent (online only),O_Sent (mail and online)]",42995,39707,0,39707,3288,0.9235259913943482,0.0,0.07647400860565182,1.0,0.9235259913943482,0.07647400860565182
Chain Response,O_Accepted,O_Cancelled,"Chain Response[O_Accepted,O_Cancelled]",42995,17228,0,17228,25767,0.40069775555297127,0.0,0.5993022444470287,1.0,0.40069775555297127,0.5993022444470287
Chain Response,O_Accepted,O_Create Offer,"Chain Response[O_Accepted,O_Create Offer]",42995,17228,0,17228,25767,0.40069775555297127,0.0,0.5993022444470287,1.0,0.40069775555297127,0.5993022444470287
Chain Response,O_Accepted,O_Created,"Chain Response[O_Accepted,O_Created]",42995,17228,0,17228,25767,0.40069775555297127,0.0,0.5993022444470287,1.0,0.40069775555297127,0.5993022444470287
Chain Response,O_Accepted,O_Refused,"Chain Response[O_Accepted,O_Refused]",42995,17228,0,17228,25767,0.40069775555297127,0.0,0.5993022444470287,1.0,0.40069775555297127,0.5993022444470287
Chain Response,O_Accepted,O_Returned,"Chain Response[O_Accepted,O_Returned]",42995,17228,0,17228,25767,0.40069775555297127,0.0,0.5993022444470287,1.0,0.40069775555297127,0.5993022444470287
Chain Response,O_Accepted,O_Sent (mail and online),"Chain Response[O_Accepted,O_Sent (mail and online)]",42995,17228,0,17228,25767,0.40069775555297127,0.0,0.5993022444470287,1.0,0.40069775555297127,0.5993022444470287
Chain Response,O_Accepted,O_Sent (online only),"Chain Response[O_Accepted,O_Sent (online only)]",42995,17228,0,17228,25767,0.40069775555297127,0.0,0.5993022444470287,1.0,0.40069775555297127,0.5993022444470287
Chain Response,O_Cancelled,O_Accepted,"Chain Response[O_Cancelled,O_Accepted]",42995,20898,0,20898,22097,0.4860565181997907,0.0,0.5139434818002093,1.0,0.4860565181997907,0.5139434818002093
Chain Response,O_Cancelled,O_Create Offer,"Chain Response[O_Cancelled,O_Create Offer]",42995,20898,0,20898,22097,0.4860565181997907,0.0,0.5139434818002093,1.0,0.4860565181997907,0.5139434818002093
Chain Response,O_Cancelled,O_Created,"Chain Response[O_Cancelled,O_Created]",42995,20898,0,20898,22097,0.4860565181997907,0.0,0.5139434818002093,1.0,0.4860565181997907,0.5139434818002093
Chain Response,O_Cancelled,O_Refused,"Chain Response[O_Cancelled,O_Refused]",42995,20898,0,20898,22097,0.4860565181997907,0.0,0.5139434818002093,1.0,0.4860565181997907,0.5139434818002093
Chain Response,O_Cancelled,O_Returned,"Chain Response[O_Cancelled,O_Returned]",42995,20898,0,20898,22097,0.4860565181997907,0.0,0.5139434818002093,1.0,0.4860565181997907,0.5139434818002093
Chain Response,O_Cancelled,O_Sent (mail and online),"Chain Response[O_Cancelled,O_Sent (mail and online)]",42995,20898,0,20898,22097,0.4860565181997907,0.0,0.5139434818002093,1.0,0.4860565181997907,0.5139434818002093
Chain Response,O_Cancelled,O_Sent (online only),"Chain Response[O_Cancelled,O_Sent (online only)]",42995,20898,0,20898,22097,0.4860565181997907,0.0,0.5139434818002093,1.0,0.4860565181997907,0.5139434818002093
Chain Response,O_Create Offer,O_Accepted,"Chain Response[O_Create Offer,O_Accepted]",42995,42995,0,42995,0,1.0,0.0,0.0,1.0,1.0,0.0
Chain Response,O_Create Offer,O_Cancelled,"Chain Response[O_Create Offer,O_Cancelled]",42995,42995,0,42995,0,1.0,0.0,0.0,1.0,1.0,0.0
Chain Response,O_Create Offer,O_Created,"Chain Response[O_Create Offer,O_Created]",42995,42995,42995,0,0,1.0,1.0,1.0,0.0,0.0,0.0
Chain Response,O_Create Offer,O_Refused,"Chain Response[O_Create Offer,O_Refused]",42995,42995,0,42995,0,1.0,0.0,0.0,1.0,1.0,0.0
Chain Response,O_Create Offer,O_Returned,"Chain Response[O_Create Offer,O_Returned]",42995,42995,0,42995,0,1.0,0.0,0.0,1.0,1.0,0.0
Chain Response,O_Create Offer,O_Sent (mail and online),"Chain Response[O_Create Offer,O_Sent (mail and online)]",42995,42995,0,42995,0,1.0,0.0,0.0,1.0,1.0,0.0
Chain Response,O_Create Offer,O_Sent (online only),"Chain Response[O_Create Offer,O_Sent (online only)]",42995,42995,0,42995,0,1.0,0.0,0.0,1.0,1.0,0.0
Chain Response,O_Created,O_Accepted,"Chain Response[O_Created,O_Accepted]",42995,42995,0,42995,0,1.0,0.0,0.0,1.0,1.0,0.0
Chain Response,O_Created,O_Cancelled,"Chain Response[O_Created,O_Cancelled]",42995,42995,1203,41792,0,1.0,0.027979997674148157,0.027979997674148157,0.9720200023258518,0.9720200023258518,0.0
Chain Response,O_Created,O_Create Offer,"Chain Response[O_Created,O_Create Offer]",42995,42995,0,42995,0,1.0,0.0,0.0,1.0,1.0,0.0
Chain Response,O_Created,O_Refused,"Chain Response[O_Created,O_Refused]",42995,42995,59,42936,0,1.0,0.0013722525875101755,0.0013722525875101755,0.9986277474124898,0.9986277474124898,0.0
Chain Response,O_Created,O_Returned,"Chain Response[O_Created,O_Returned]",42995,42995,0,42995,0,1.0,0.0,0.0,1.0,1.0,0.0
Chain Response,O_Created,O_Sent (mail and online),"Chain Response[O_Created,O_Sent (mail and online)]",42995,42995,39707,3288,0,1.0,0.9235259913943482,0.9235259913943482,0.07647400860565182,0.07647400860565182,0.0
Chain Response,O_Created,O_Sent (online only),"Chain Response[O_Created,O_Sent (online only)]",42995,42995,2026,40969,0,1.0,0.047121758343993486,0.047121758343993486,0.9528782416560065,0.9528782416560065,0.0
Chain Response,O_Refused,O_Accepted,"Chain Response[O_Refused,O_Accepted]",42995,4695,0,4695,38300,0.10919874404000465,0.0,0.8908012559599954,1.0,0.10919874404000465,0.8908012559599954
Chain Response,O_Refused,O_Cancelled,"Chain Response[O_Refused,O_Cancelled]",42995,4695,0,4695,38300,0.10919874404000465,0.0,0.8908012559599954,1.0,0.10919874404000465,0.8908012559599954
Chain Response,O_Refused,O_Create Offer,"Chain Response[O_Refused,O_Create Offer]",42995,4695,0,4695,38300,0.10919874404000465,0.0,0.8908012559599954,1.0,0.10919874404000465,0.8908012559599954
Chain Response,O_Refused,O_Created,"Chain Response[O_Refused,O_Created]",42995,4695,0,4695,38300,0.10919874404000465,0.0,0.8908012559599954,1.0,0.10919874404000465,0.8908012559599954
Chain Response,O_Refused,O_Returned,"Chain Response[O_Refused,O_Returned]",42995,4695,0,4695,38300,0.10919874404000465,0.0,0.8908012559599954,1.0,0.10919874404000465,0.8908012559599954
Chain Response,O_Refused,O_Sent (mail and online),"Chain Response[O_Refused,O_Sent (mail and online)]",42995,4695,0,4695,38300,0.10919874404000465,0.0,0.8908012559599954,1.0,0.10919874404000465,0.8908012559599954
Chain Response,O_Refused,O_Sent (online only),"Chain Response[O_Refused,O_Sent (online only)]",42995,4695,0,4695,38300,0.10919874404000465,0.0,0.8908012559599954,1.0,0.10919874404000465,0.8908012559599954
Chain Response,O_Returned,O_Accepted,"Chain Response[O_Returned,O_Accepted]",42995,23305,17228,6077,19690,0.5420397720665193,0.739240506329114,0.858657983486452,0.2607594936708861,0.14134201651354808,0.4579602279334806
Chain Response,O_Returned,O_Cancelled,"Chain Response[O_Returned,O_Cancelled]",42995,23305,2455,20850,19690,0.5420397720665193,0.10534220124436816,0.5150598906849634,0.8946577987556318,0.4849401093150366,0.4579602279334806
Chain Response,O_Returned,O_Create Offer,"Chain Response[O_Returned,O_Create Offer]",42995,23305,0,23305,19690,0.5420397720665193,0.0,0.4579602279334806,1.0,0.5420397720665193,0.4579602279334806
Chain Response,O_Returned,O_Created,"Chain Response[O_Returned,O_Created]",42995,23305,0,23305,19690,0.5420397720665193,0.0,0.4579602279334806,1.0,0.5420397720665193,0.4579602279334806
Chain Response,O_Returned,O_Refused,"Chain Response[O_Returned,O_Refused]",42995,23305,3573,19732,19690,0.5420397720665193,0.15331473932632483,0.5410629142923595,0.8466852606736752,0.4589370857076404,0.4579602279334806
Chain Response,O_Returned,O_Sent (mail and online),"Chain Response[O_Returned,O_Sent (mail and online)]",42995,23305,0,23305,19690,0.5420397720665193,0.0,0.4579602279334806,1.0,0.5420397720665193,0.4579602279334806
Chain Response,O_Returned,O_Sent (online only),"Chain Response[O_Returned,O_Sent (online only)]",42995,23305,0,23305,19690,0.5420397720665193,0.0,0.4579602279334806,1.0,0.5420397720665193,0.4579602279334806
Chain Response,O_Sent (mail and online),O_Accepted,"Chain Response[O_Sent (mail and online),O_Accepted]",42995,39707,0,39707,3288,0.9235259913943482,0.0,0.07647400860565182,1.0,0.9235259913943482,0.07647400860565182
Chain Response,O_Sent (mail and online),O_Cancelled,"Chain Response[O_Sent (mail and online),O_Cancelled]",42995,39707,16365,23342,3288,0.9235259913943482,0.41214395446646684,0.4570996627514827,0.5878560455335331,0.5429003372485173,0.07647400860565182
Chain Response,O_Sent (mail and online),O_Create Offer,"Chain Response[O_Sent (mail and online),O_Create Offer]",42995,39707,0,39707,3288,0.9235259913943482,0.0,0.07647400860565182,1.0,0.9235259913943482,0.07647400860565182
Chain Response,O_Sent (mail and online),O_Created,"Chain Response[O_Sent (mail and online),O_Created]",42995,39707,0,39707,3288,0.9235259913943482,0.0,0.07647400860565182,1.0,0.9235259913943482,0.07647400860565182
Chain Response,O_Sent (mail and online),O_Refused,"Chain Response[O_Sent (mail and online),O_Refused]",42995,39707,962,38745,3288,0.9235259913943482,0.024227466189840584,0.09884870333759739,0.9757725338101594,0.9011512966624026,0.07647400860565182
Chain Response,O_Sent (mail and online),O_Returned,"Chain Response[O_Sent (mail and online),O_Returned]",42995,39707,22272,17435,3288,0.9235259913943482,0.5609086559045005,0.594487731131527,0.43909134409549955,0.4055122688684731,0.07647400860565182
Chain Response,O_Sent (mail and online),O_Sent (online only),"Chain Response[O_Sent (mail and online),O_Sent (online only)]",42995,39707,0,39707,3288,0.9235259913943482,0.0,0.07647400860565182,1.0,0.9235259913943482,0.07647400860565182
Chain Response,O_Sent (online only),O_Accepted,"Chain Response[O_Sent (online only),O_Accepted]",42995,2026,0,2026,40969,0.047121758343993486,0.0,0.9528782416560065,1.0,0.047121758343993486,0.9528782416560065
Chain Response,O_Sent (online only),O_Cancelled,"Chain Response[O_Sent (online only),O_Cancelled]",42995,2026,875,1151,40969,0.047121758343993486,0.4318854886475814,0.9732294452843354,0.5681145113524185,0.026770554715664613,0.9528782416560065
Chain Response,O_Sent (online only),O_Create Offer,"Chain Response[O_Sent (online only),O_Create Offer]",42995,2026,0,2026,40969,0.047121758343993486,0.0,0.9528782416560065,1.0,0.047121758343993486,0.9528782416560065
Chain Response,O_Sent (online only),O_Created,"Chain Response[O_Sent (online only),O_Created]",42995,2026,0,2026,40969,0.047121758343993486,0.0,0.9528782416560065,1.0,0.047121758343993486,0.9528782416560065
Chain Response,O_Sent (online only),O_Refused,"Chain Response[O_Sent (online only),O_Refused]",42995,2026,101,1925,40969,0.047121758343993486,0.04985192497532083,0.9552273520176765,0.9501480750246791,0.04477264798232353,0.9528782416560065
Chain Response,O_Sent (online only),O_Returned,"Chain Response[O_Sent (online only),O_Returned]",42995,2026,1033,993,40969,0.047121758343993486,0.5098716683119447,0.9769042911966508,0.4901283316880553,0.023095708803349227,0.9528782416560065
Chain Response,O_Sent (online only),O_Sent (mail and online),"Chain Response[O_Sent (online only),O_Sent (mail and online)]",42995,2026,0,2026,40969,0.047121758343993486,0.0,0.9528782416560065,1.0,0.047121758343993486,0.9528782416560065
